,class,precision,recall,f_score,support
0,walking,0.7916666666666666,0.8415672913117547,0.8158546655656483,587
1,climbing stairs,0.7435897435897436,0.35802469135802467,0.4833333333333333,162
2,chopping food,0.02631578947368421,0.017241379310344827,0.020833333333333332,116
3,riding elevator,0.1875,0.043478260869565216,0.07058823529411765,69
4,brushing teeth,0.0,0.0,0.0,3
5,riding escalator,0.08888888888888889,0.032520325203252036,0.04761904761904763,123
6,talking to people,0.4666666666666667,0.7070707070707071,0.5622489959839357,99
7,watching tv,0.2926829268292683,0.3333333333333333,0.3116883116883117,36
8,eating,0.4933135215453195,0.6148148148148148,0.5474031327287717,540
9,cooking on stove,0.0,0.0,0.0,19
10,browsing mobile phone,0.16791044776119404,0.2830188679245283,0.21077283372365338,159
11,washing dishes,0.21428571428571427,0.7894736842105263,0.33707865168539325,19
12,working on pc,0.3054187192118227,0.5,0.37920489296636084,124
13,reading,0.26666666666666666,0.10309278350515463,0.1486988847583643,388
14,writing,0.28378378378378377,0.2692307692307692,0.27631578947368424,78
15,lying down,0.9841269841269841,0.9637305699481865,0.9738219895287958,193
16,running,0.9685314685314685,0.9264214046822743,0.9470085470085471,299
17,doing push ups,0.6923076923076923,0.7905405405405406,0.7381703470031545,296
18,doing sit ups,0.8931623931623932,0.8228346456692913,0.8565573770491803,254
19,cycling,0.6929133858267716,0.8148148148148148,0.748936170212766,216
